{
    "description": "",
    "domain": "ics-attack",
    "filters": {
        "platforms": [
            "Field Controller/RTU/PLC/IED",
            "Safety Instrumented System/Protection Relay",
            "Device Configuration/Parameters",
            "Control Server",
            "Input/Output Server",
            "Data Historian",
            "Human-Machine Interface",
            "Engineering Workstation",
            "None",
            "Windows"
        ]
    },
    "gradient": {
        "colors": [
            "#ff6666ff",
            "#ffe766ff",
            "#8ec843ff"
        ],
        "maxValue": 20,
        "minValue": 0
    },
    "hideDisabled": false,
    "layout": {
        "aggregateFunction": "sum",
        "countUnscored": false,
        "layout": "side",
        "showAggregateScores": true,
        "showID": true,
        "showName": true
    },
    "legendItems": [],
    "metadata": [],
    "name": "layer",
    "selectSubtechniquesWithParent": false,
    "selectTechniquesAcrossTactics": true,
    "showTacticRowBackground": false,
    "sorting": 0,
    "tacticRowBackground": "#dddddd",
    "techniques": [
        {
            "score": 4,
            "techniqueID": "T0848"
        },
        {
            "score": 3,
            "techniqueID": "T0864"
        },
        {
            "score": 15,
            "techniqueID": "T0814"
        },
        {
            "score": 12,
            "techniqueID": "T0803"
        },
        {
            "score": 12,
            "techniqueID": "T0804"
        },
        {
            "score": 14,
            "techniqueID": "T0813"
        },
        {
            "score": 13,
            "techniqueID": "T0815"
        },
        {
            "score": 17,
            "techniqueID": "T0826"
        },
        {
            "score": 14,
            "techniqueID": "T0827"
        },
        {
            "score": 11,
            "techniqueID": "T0880"
        },
        {
            "score": 13,
            "techniqueID": "T0829"
        },
        {
            "score": 15,
            "techniqueID": "T0866"
        },
        {
            "score": 5,
            "techniqueID": "T0806"
        },
        {
            "score": 5,
            "techniqueID": "T0811"
        },
        {
            "score": 7,
            "techniqueID": "T0802"
        },
        {
            "score": 5,
            "techniqueID": "T0868"
        },
        {
            "score": 1,
            "techniqueID": "T0809"
        },
        {
            "score": 8,
            "techniqueID": "T0883"
        },
        {
            "score": 3,
            "techniqueID": "T0842"
        },
        {
            "score": 3,
            "techniqueID": "T0887"
        },
        {
            "score": 7,
            "techniqueID": "T0823"
        },
        {
            "score": 5,
            "techniqueID": "T0859"
        },
        {
            "score": 2,
            "techniqueID": "T0840"
        },
        {
            "score": 5,
            "techniqueID": "T0846"
        },
        {
            "score": 5,
            "techniqueID": "T0888"
        },
        {
            "score": 4,
            "techniqueID": "T0885"
        },
        {
            "score": 2,
            "techniqueID": "T0800"
        },
        {
            "score": 2,
            "techniqueID": "T0858"
        },
        {
            "score": 2,
            "techniqueID": "T0807"
        },
        {
            "score": 2,
            "techniqueID": "T0884"
        },
        {
            "score": 5,
            "techniqueID": "T0817"
        },
        {
            "score": 4,
            "techniqueID": "T0819"
        },
        {
            "score": 5,
            "techniqueID": "T0816"
        },
        {
            "score": 2,
            "techniqueID": "T0871"
        },
        {
            "score": 2,
            "techniqueID": "T0820"
        },
        {
            "score": 2,
            "techniqueID": "T0890"
        },
        {
            "score": 6,
            "techniqueID": "T0822"
        },
        {
            "score": 2,
            "techniqueID": "T0867"
        },
        {
            "score": 3,
            "techniqueID": "T0830"
        },
        {
            "score": 2,
            "techniqueID": "T0831"
        },
        {
            "score": 2,
            "techniqueID": "T0838"
        },
        {
            "score": 2,
            "techniqueID": "T0821"
        },
        {
            "score": 2,
            "techniqueID": "T0836"
        },
        {
            "score": 2,
            "techniqueID": "T0889"
        },
        {
            "score": 2,
            "techniqueID": "T0839"
        },
        {
            "score": 3,
            "techniqueID": "T0843"
        },
        {
            "score": 3,
            "techniqueID": "T0845"
        },
        {
            "score": 6,
            "techniqueID": "T0886"
        },
        {
            "score": 4,
            "techniqueID": "T0856"
        },
        {
            "score": 2,
            "techniqueID": "T0869"
        },
        {
            "score": 2,
            "techniqueID": "T0855"
        },
        {
            "score": 2,
            "techniqueID": "T0860"
        },
        {
            "score": 2,
            "techniqueID": "T0847"
        },
        {
            "score": 2,
            "techniqueID": "T0863"
        },
        {
            "score": 1,
            "techniqueID": "T0865"
        },
        {
            "score": 1,
            "techniqueID": "T0812"
        },
        {
            "score": 1,
            "techniqueID": "T0877"
        }
    ],
    "versions": {
        "attack": "10",
        "layer": "4.2",
        "navigator": "4.5.4"
    }
}
