{
	"name": "layer",
	"versions": {
		"attack": "10",
		"navigator": "4.5.4",
		"layer": "4.2"
	},
	"domain": "ics-attack",
	"description": "",
	"filters": {
		"platforms": [
			"Field Controller/RTU/PLC/IED",
			"Safety Instrumented System/Protection Relay",
			"Device Configuration/Parameters",
			"Control Server",
			"Input/Output Server",
			"Data Historian",
			"Human-Machine Interface",
			"Engineering Workstation",
			"None",
			"Windows"
		]
	},
	"sorting": 0,
	"layout": {
		"layout": "side",
		"aggregateFunction": "sum",
		"showID": true,
		"showName": true,
		"showAggregateScores": true,
		"countUnscored": false
	},
	"hideDisabled": false,
	"techniques": [
		{
			"techniqueID": "T0812",
			"score": 2
		},
		{
			"techniqueID": "T0868",
			"score": 10
		}
	],
	"gradient": {
		"colors": [
			"#ff6666ff",
			"#ffe766ff",
			"#8ec843ff"
		],
		"minValue": 0,
		"maxValue": 100
	},
	"legendItems": [],
	"metadata": [],
	"showTacticRowBackground": false,
	"tacticRowBackground": "#dddddd",
	"selectTechniquesAcrossTactics": true,
	"selectSubtechniquesWithParent": false
}